{"stats":{"minecraft:used":{"minecraft:stone_sword":38,"minecraft:acacia_log":1,"minecraft:stone_shovel":21,"minecraft:chest":6,"minecraft:shield":90,"minecraft:iron_sword":1079,"minecraft:cooked_chicken":1,"minecraft:torch":38,"minecraft:dirt":24,"orcz:palisadedarkoak":1,"born_in_chaos_v1:soul_cutlass":21,"minecraft:furnace":1,"tombstone:gift":8,"alexsmobs:boiled_emu_egg":16,"minecraft:cooked_mutton":1,"minecraft:stone_pickaxe":260,"minecraft:wooden_pickaxe":8,"minecraft:sandstone":10,"minecraft:sand":56,"minecraft:yellow_terracotta":4,"minecraft:crafting_table":1,"minecraft:red_bed":1,"minecraft:brown_banner":2,"minecraft:diamond_pickaxe":2,"minecraft:acacia_door":1,"minecraft:bread":58,"minecraft:iron_pickaxe":55,"tombstone:grave_key":33,"minecraft:stone_axe":116,"minecraft:cobblestone":33,"minecraft:cooked_porkchop":15,"minecraft:oak_boat":1,"alexsmobs:animal_dictionary":1},"minecraft:picked_up":{"minecraft:crafting_table":1,"minecraft:coarse_dirt":2,"minecraft:wheat":3,"born_in_chaos_v1:seedof_chaos":5,"minecraft:leather_leggings":1,"minecraft:gold_block":1,"tombstone:grave_key":1,"minecraft:shield":1,"born_in_chaos_v1:holiday_candy":23,"minecraft:acacia_door":1,"alexsmobs:gazelle_horn":1,"minecraft:string":4,"minecraft:red_bed":1,"minecraft:raw_copper":12,"ancient_elements:meteorite_block":3,"alexsmobs:emu_feather":4,"minecraft:beef":3,"minecraft:oak_boat":3,"minecraft:iron_nugget":7,"minecraft:poppy":4,"minecraft:chest":2,"minecraft:stick":9,"minecraft:raw_iron":4,"minecraft:sandstone":23,"grimoireofgaia:meat":2,"minecraft:torch":5,"minecraft:acacia_log":26,"minecraft:spruce_fence":3,"minecraft:porkchop":7,"ancient_elements:raw_tin":2,"orcz:orchorn":1,"minecraft:cherry_log":2,"tombstone:grave_dust":4,"born_in_chaos_v1:pieceofdarkmetal":9,"orcz:palisadedarkoak":7,"minecraft:redstone":4,"tombstone:lollipop":2,"minecraft:stone_sword":2,"minecraft:arrow":2,"minecraft:stone_shovel":3,"minecraft:rotten_flesh":55,"minecraft:hay_block":2,"minecraft:red_tulip":1,"minecraft:yellow_terracotta":6,"alexsmobs:emu_egg":10,"minecraft:iron_bars":7,"minecraft:skeleton_skull":1,"alexsmobs:kangaroo_meat":3,"minecraft:cobblestone":129,"minecraft:birch_log":6,"born_in_chaos_v1:fused_bone":1,"born_in_chaos_v1:corpse_maggot":7,"minecraft:magma_block":1,"minecraft:feather":4,"orcz:orcteeth":16,"born_in_chaos_v1:pumpkin_staff":1,"minecraft:andesite":10,"minecraft:leather":2,"alexsmobs:acacia_blossom":3,"minecraft:acacia_wood":1,"minecraft:potato":3,"ancient_elements:raw_lead":12,"minecraft:stripped_spruce_wood":2,"minecraft:oak_log":26,"orcz:orcsymbolred":1,"minecraft:lapis_lazuli":47,"minecraft:dirt":29,"minecraft:cooked_mutton":1,"minecraft:bone":9,"born_in_chaos_v1:soul_cutlass":1,"minecraft:wheat_seeds":25,"minecraft:iron_ingot":4,"minecraft:stone_pickaxe":2,"minecraft:iron_sword":2,"minecraft:oak_planks":34,"minecraft:acacia_sapling":4,"minecraft:cooked_porkchop":5,"born_in_chaos_v1:lifestealer_bone":5,"minecraft:gravel":3,"minecraft:sand":40,"orcz:orcamanita":2,"minecraft:acacia_stairs":3,"magistuarmory:rustedchainmail_leggings":1,"minecraft:diamond_block":1,"minecraft:spider_eye":2,"alexsmobs:kangaroo_hide":3,"magistuarmory:corruptedroundshield":2,"minecraft:bone_meal":2,"minecraft:golden_apple":1,"minecraft:bread":10,"orcz:orceye":1,"tombstone:magic_scroll":2,"minecraft:oak_sapling":3,"minecraft:brown_banner":2,"minecraft:netherrack":1,"minecraft:coal":61,"minecraft:diamond_pickaxe":1,"minecraft:wooden_axe":1},"minecraft:mined":{"minecraft:yellow_terracotta":6,"orcz:orcamanita":2,"orcz:orcsymbolred":1,"orcz:palisadedarkoak":7,"minecraft:dark_oak_fence":2,"minecraft:acacia_log":26,"minecraft:grass_block":18,"minecraft:spruce_fence":1,"ancient_elements:meteorite_block":3,"minecraft:sandstone":33,"minecraft:hay_block":5,"minecraft:magma_block":1,"minecraft:iron_ore":4,"minecraft:fire":4,"minecraft:acacia_wood":1,"minecraft:andesite":13,"minecraft:acacia_stairs":2,"ancient_elements:tin_ore":2,"minecraft:stone":127,"minecraft:acacia_leaves":27,"minecraft:glass_pane":5,"minecraft:red_bed":2,"minecraft:crafting_table":1,"minecraft:torch":3,"minecraft:chest":2,"minecraft:campfire":1,"minecraft:copper_ore":4,"minecraft:tall_grass":11,"minecraft:cobblestone":3,"minecraft:lapis_ore":6,"minecraft:sugar_cane":2,"minecraft:oak_planks":2,"minecraft:wall_torch":1,"minecraft:diorite":2,"minecraft:skeleton_skull":1,"minecraft:coarse_dirt":1,"minecraft:stripped_spruce_wood":3,"minecraft:wheat":1,"minecraft:brown_wall_banner":2,"minecraft:grass":65,"minecraft:oak_log":25,"minecraft:coal_ore":69,"minecraft:sand":38,"minecraft:dirt":8,"minecraft:cobweb":3,"minecraft:netherrack":2,"minecraft:oak_leaves":12},"minecraft:custom":{"minecraft:mob_kills":65,"minecraft:interact_with_crafting_table":21,"minecraft:open_barrel":10,"minecraft:bell_ring":19,"minecraft:damage_dealt_resisted":1431,"minecraft:leave_game":7,"minecraft:time_since_death":6199,"minecraft:climb_one_cm":2460,"minecraft:sprint_one_cm":761000,"minecraft:walk_one_cm":533382,"minecraft:damage_blocked_by_shield":2597,"minecraft:drop":24,"minecraft:talked_to_villager":6,"minecraft:play_time":348239,"minecraft:sneak_time":1283,"minecraft:deaths":37,"minecraft:walk_under_water_one_cm":17036,"minecraft:boat_one_cm":33743,"minecraft:jump":6959,"minecraft:walk_on_water_one_cm":68666,"minecraft:total_world_time":348239,"minecraft:interact_with_furnace":14,"tombstone:raider_killed":1,"minecraft:sleep_in_bed":16,"minecraft:time_since_rest":2991,"minecraft:damage_taken":13612,"minecraft:damage_dealt":17433,"minecraft:swim_one_cm":82404,"minecraft:fly_one_cm":1672964,"minecraft:open_chest":94,"minecraft:crouch_one_cm":1146,"tombstone:undead_killed":17,"minecraft:fall_one_cm":210371},"minecraft:dropped":{"minecraft:iron_sword":1,"minecraft:cherry_log":1,"minecraft:feather":1,"minecraft:cobblestone":2,"ancient_elements:raw_lead":8,"born_in_chaos_v1:monster_flesh":1,"minecraft:dirt":1,"tombstone:grave_key":1,"minecraft:sand":2,"minecraft:birch_log":4,"minecraft:white_wool":4,"minecraft:redstone":2,"minecraft:coarse_dirt":2,"minecraft:stone_sword":1,"minecraft:rotten_flesh":23,"minecraft:oak_planks":2,"alexsmobs:emu_egg":1,"minecraft:iron_bars":5},"minecraft:killed":{"born_in_chaos_v1:lifestealer_true_form":1,"born_in_chaos_v1:mr_pumpkin":13,"born_in_chaos_v1:zombie_lumberjack":1,"born_in_chaos_v1:sir_the_headless":1,"born_in_chaos_v1:maggot":3,"alexsmobs:leafcutter_ant":1,"born_in_chaos_v1:corpse_fish":3,"orcz:orcsavagemace":1,"alexsmobs:kangaroo":2,"grimoireofgaia:cyan_flower":1,"minecraft:pig":3,"minecraft:zombie_villager":3,"born_in_chaos_v1:baby_skeleton":1,"orcz:goblinsavagemace":2,"born_in_chaos_v1:spirit_guide_assistant":4,"alexsmobs:seal":1,"born_in_chaos_v1:decrepit_skeleton":3,"alexsmobs:emu":4,"minecraft:zombie":4,"born_in_chaos_v1:dread_hound":1,"born_in_chaos_v1:corpse_fly":2,"alexsmobs:gazelle":2,"grimoireofgaia:harpy":2,"orcz:bigorcboss":1,"grimoireofgaia:arachne":1,"orcz:orcshield":2,"minecraft:villager":1,"minecraft:cow":1},"minecraft:crafted":{"minecraft:oak_planks":136,"minecraft:cooked_chicken":1,"minecraft:furnace":1,"minecraft:stone_pickaxe":3,"minecraft:chest":5,"minecraft:golden_helmet":1,"minecraft:wheat":18,"minecraft:cooked_beef":3,"minecraft:cooked_porkchop":15,"minecraft:wooden_pickaxe":1,"alexsmobs:cooked_kangaroo_meat":1,"minecraft:iron_sword":1,"alexsmobs:boiled_emu_egg":8,"minecraft:birch_planks":8,"minecraft:stone_axe":1,"minecraft:shield":1,"minecraft:stick":20,"minecraft:iron_ingot":6,"minecraft:iron_pickaxe":1,"minecraft:stone_sword":1,"minecraft:gold_ingot":9,"alexsmobs:emu_leggings":1,"minecraft:torch":56},"minecraft:broken":{"minecraft:chainmail_boots":1,"minecraft:stone_pickaxe":1,"minecraft:shield":3,"minecraft:stone_axe":1,"minecraft:iron_sword":3,"minecraft:golden_chestplate":1},"minecraft:killed_by":{"born_in_chaos_v1:siamese_skeletonsright":2,"minecraft:zombie_villager":2,"minecraft:player":1,"grimoireofgaia:orc":2,"born_in_chaos_v1:mr_pumpkin":2,"born_in_chaos_v1:sir_pumpkinhead_without_horse":1,"grimoireofgaia:toad":2,"grimoireofgaia:cecaelia":4,"born_in_chaos_v1:decrepit_skeleton":1,"born_in_chaos_v1:sir_pumpkinhead":5,"born_in_chaos_v1:pumpkinhead":1,"minecraft:zombie":5,"alexsmobs:kangaroo":1,"born_in_chaos_v1:spirit_guide_assistant":1,"born_in_chaos_v1:missioner":1,"born_in_chaos_v1:maggot":1}},"DataVersion":3465}