{"stats":{"minecraft:crafted":{"ancient_elements:jungle_steel_ingot":8,"minecraft:smooth_stone":3,"minecraft:cut_sandstone":64,"ancient_elements:block_of_steel":1,"minecraft:brick_wall":12,"minecraft:blue_stained_glass_pane":48,"minecraft:bookshelf":36,"magistuarmory:iron_shortsword":1,"orcz:orcteeth_tool_shovel":1,"minecraft:cooked_mutton":9,"minecraft:deepslate_brick_stairs":24,"minecraft:glass":276,"minecraft:birch_fence_gate":2,"minecraft:birch_door":3,"alexsmobs:cooked_catfish":3,"minecraft:flower_pot":1,"minecraft:cooked_porkchop":13,"magistuarmory:iron_zweihander":1,"minecraft:copper_ingot":20,"minecraft:hay_block":14,"minecraft:campfire":2,"minecraft:stone_brick_stairs":28,"minecraft:iron_pickaxe":2,"minecraft:iron_block":3,"minecraft:gold_ingot":36,"minecraft:sandstone":98,"minecraft:birch_stairs":8,"minecraft:stone_shovel":2,"minecraft:leather_leggings":1,"minecraft:iron_nugget":27,"minecraft:spyglass":1,"minecraft:brick_stairs":4,"minecraft:soul_torch":8,"minecraft:bone_meal":123,"minecraft:dark_oak_fence":153,"minecraft:deepslate_brick_wall":30,"ancient_elements:palladium_helmet":1,"ancient_elements:obsidian_leggings":1,"minecraft:stone_pickaxe":2,"magistuarmory:steel_ring":8,"minecraft:dark_oak_planks":1312,"minecraft:brick_slab":18,"minecraft:golden_helmet":2,"minecraft:wheat":126,"minecraft:purple_stained_glass_pane":272,"minecraft:deepslate_brick_slab":108,"minecraft:red_bed":2,"minecraft:deepslate_tiles":228,"minecraft:glowstone":8,"minecraft:oak_fence_gate":2,"ancient_elements:lead_ingot":3,"minecraft:wooden_axe":1,"minecraft:iron_shovel":5,"minecraft:iron_leggings":1,"ancient_elements:iron_hammer":1,"minecraft:white_bed":2,"minecraft:brick":123,"minecraft:oak_planks":240,"minecraft:cooked_chicken":3,"minecraft:stone":272,"orcz:orcteeth_armor_armor_chestplate":1,"minecraft:dark_oak_door":3,"minecraft:stone_brick_slab":126,"minecraft:iron_boots":5,"tombstone:grave_key":11,"minecraft:chest":13,"minecraft:jungle_stairs":16,"minecraft:bricks":30,"minecraft:stone_hoe":3,"minecraft:stone_bricks":312,"minecraft:smoker":1,"magistuarmory:steel_nugget":9,"magistuarmory:steel_chainmorgenstern":1,"minecraft:oak_slab":192,"minecraft:crafting_table":14,"minecraft:spruce_planks":16,"minecraft:iron_helmet":3,"minecraft:wooden_pickaxe":1,"minecraft:baked_potato":268,"magistuarmory:steel_chain":2,"minecraft:birch_pressure_plate":1,"minecraft:birch_planks":272,"magistuarmory:wood_tartsche":1,"orcz:scrapblock":1,"minecraft:dark_oak_slab":270,"orcz:orcteeth_tool_axe":1,"minecraft:iron_chestplate":2,"minecraft:purple_dye":48,"minecraft:shield":4,"minecraft:birch_fence":141,"minecraft:stick":468,"minecraft:iron_ingot":184,"minecraft:leather_chestplate":1,"minecraft:stone_sword":1,"minecraft:redstone_torch":22,"ancient_elements:obsidian_ingot":25,"minecraft:deepslate_bricks":672,"minecraft:shears":3,"minecraft:deepslate_tile_slab":144,"magistuarmory:leather_strip":6,"ancient_elements:steel_ingot":16,"minecraft:furnace":4,"minecraft:blast_furnace":1,"minecraft:glass_pane":304,"minecraft:flint_and_steel":1,"magistuarmory:hilt":3,"minecraft:polished_deepslate":672,"minecraft:iron_axe":8,"magistuarmory:steel_ingot":11,"ancient_elements:palladium_boots":1,"minecraft:minecart":2,"minecraft:red_dye":26,"minecraft:purple_stained_glass":128,"magistuarmory:iron_tartsche":1,"minecraft:powered_rail":24,"minecraft:iron_sword":1,"minecraft:bucket":2,"ancient_elements:obsidian_chestplate":1,"minecraft:stone_axe":5,"minecraft:air":0,"minecraft:bread":118,"minecraft:jungle_planks":204,"minecraft:blue_dye":51,"minecraft:jungle_door":3,"ancient_elements:palladium_ingot":33,"minecraft:anvil":1,"minecraft:acacia_planks":116,"minecraft:torch":548},"minecraft:killed":{"grimoireofgaia:toad":3,"minecraft:cave_spider":4,"born_in_chaos_v1:mr_pumpkin":1,"ancient_elements:cerulean_crystal_slime":1,"born_in_chaos_v1:restless_spirit":10,"born_in_chaos_v1:siamese_skeletonsright":1,"born_in_chaos_v1:baby_skeleton_minion":3,"minecraft:skeleton":23,"grimoireofgaia:mimic":1,"alexsmobs:capuchin_monkey":1,"minecraft:chicken":3,"mowziesmobs:umvuthana_crane":2,"born_in_chaos_v1:supreme_bonescaller_stage_2":1,"minecraft:tropical_fish":2,"grimoireofgaia:spriggan":1,"minecraft:magma_cube":4,"born_in_chaos_v1:bone_imp":1,"minecraft:zombie":30,"grimoireofgaia:deathword":2,"born_in_chaos_v1:corpse_fly":12,"orcz:orcsavage_2sword":5,"born_in_chaos_v1:door_knight":4,"born_in_chaos_v1:skeleton_thrasher_not_despawn":1,"ancient_elements:undead_miner":2,"orcz:orcsavagemace":5,"grimoireofgaia:cyan_flower":1,"born_in_chaos_v1:bone_imp_minion":10,"born_in_chaos_v1:decrepit_skeleton":10,"alexsmobs:catfish":2,"born_in_chaos_v1:bloody_gadfly":3,"born_in_chaos_v1:dark_vortex":1,"born_in_chaos_v1:zombie_clown":1,"minecraft:witch":2,"minecraft:spider":15,"grimoireofgaia:sporeling":2,"born_in_chaos_v1:scarlet_persecutor":2,"grimoireofgaia:orc":1,"orcz:goblinsavagebomb":1,"orcz:squig":2,"born_in_chaos_v1:firelight_not_despawn":1,"minecraft:pig":7,"alexsmobs:grizzly_bear":1,"minecraft:zombie_villager":1,"born_in_chaos_v1:diamond_termite":5,"grimoireofgaia:bone_knight":2,"orcz:goblinsavagemace":12,"minecraft:creeper":1,"minecraft:sheep":6,"mowziesmobs:lantern":1,"born_in_chaos_v1:zombie_fisherman":2,"born_in_chaos_v1:dread_hound":3,"grimoireofgaia:harpy":1,"alexsmobs:fly":2,"orcz:snot":2,"orcz:orcshield":3,"born_in_chaos_v1:siamese_skeletonsleft":1,"grimoireofgaia:succubus":3,"born_in_chaos_v1:zombie_bruiser":3,"born_in_chaos_v1:maggot":14,"grimoireofgaia:ender_eye":1,"minecraft:drowned":1,"born_in_chaos_v1:corpse_fish":5,"alexsmobs:flying_fish":4,"mowziesmobs:umvuthana":4,"born_in_chaos_v1:fallen_chaos_knight":1,"born_in_chaos_v1:baby_skeleton":7,"grimoireofgaia:cecaelia":5,"mowziesmobs:umvuthana_follower_raptor":1,"alexsmobs:cockroach":1,"born_in_chaos_v1:bonescaller_not_despawn":1,"grimoireofgaia:matango":2,"grimoireofgaia:werecat":1,"grimoireofgaia:wither_cow":4},"minecraft:picked_up":{"minecraft:flower_pot":1,"minecraft:lead":6,"born_in_chaos_v1:black_argillite_brick_wall":2,"minecraft:enchanted_book":3,"minecraft:brewing_stand":5,"minecraft:string":19,"minecraft:soul_soil":26,"magistuarmory:iron_zweihander":2,"ancient_elements:meteorite_block":5,"minecraft:gold_nugget":11,"minecraft:cobbled_deepslate":942,"minecraft:spruce_planks":13,"minecraft:melon_slice":117,"minecraft:dark_oak_door":3,"born_in_chaos_v1:shattered_skull":14,"minecraft:acacia_log":29,"magistuarmory:rusted_heavymace":2,"orcz:palisadedarkoak":2,"minecraft:cauldron":3,"minecraft:orange_bed":4,"minecraft:tropical_fish":1,"grimoireofgaia:box_nether":1,"minecraft:red_tulip":1,"minecraft:iron_block":4,"minecraft:iron_bars":13,"alexsmobs:flying_fish":9,"minecraft:birch_log":68,"minecraft:magma_block":7,"minecraft:feather":10,"orcz:orcteeth":46,"born_in_chaos_v1:spiritual_dust":3,"minecraft:jungle_log":79,"ancient_elements:raw_lead":12,"minecraft:flint":5,"minecraft:stripped_spruce_wood":1,"minecraft:lantern":7,"ancient_elements:verdant_viridium_crystal_block":9,"minecraft:glowstone_dust":34,"minecraft:moss_block":30,"minecraft:pitcher_pod":2,"ancient_elements:scarlet_crystal_block":4,"orcz:blue_orcshroom":2,"minecraft:acacia_stairs":3,"minecraft:dark_oak_log":330,"grimoireofgaia:fireshard":4,"minecraft:bundle":2,"minecraft:lever":1,"minecraft:dead_brain_coral_block":2,"minecraft:granite":63,"minecraft:bread":17,"ancient_elements:raw_jungle_steel":55,"alexsmobs:maggot":2,"born_in_chaos_v1:rotten_fish":8,"minecraft:dark_oak_fence":17,"minecraft:bricks":9,"minecraft:diamond_pickaxe":2,"minecraft:crafting_table":5,"minecraft:coarse_dirt":28,"minecraft:clay_ball":192,"born_in_chaos_v1:seedof_chaos":1,"minecraft:cornflower":12,"minecraft:red_bed":4,"born_in_chaos_v1:intoxicating_decoction":1,"minecraft:iron_shovel":4,"minecraft:cracked_stone_bricks":1,"born_in_chaos_v1:gnawed_bones":1,"minecraft:jungle_sapling":8,"minecraft:iron_nugget":55,"minecraft:poppy":19,"minecraft:minecart":11,"minecraft:chest":17,"minecraft:birch_sapling":3,"minecraft:egg":9,"minecraft:sandstone":259,"ancient_elements:raw_steel":16,"minecraft:stone":46,"minecraft:redstone":106,"born_in_chaos_v1:pieceofdarkmetal":20,"minecraft:carrot":27,"minecraft:mangrove_trapdoor":1,"mowziesmobs:umvuthana_mask_faith":2,"ancient_elements:reflectine":75,"minecraft:stone_shovel":1,"grimoireofgaia:bag_book":4,"minecraft:beetroot_seeds":15,"minecraft:deepslate_bricks":9,"minecraft:hay_block":14,"minecraft:glow_berries":44,"minecraft:mutton":10,"minecraft:white_wool":10,"minecraft:bone_block":9,"minecraft:rail":139,"born_in_chaos_v1:monster_flesh":15,"minecraft:fern":1,"alexsmobs:acacia_blossom":1,"minecraft:oak_log":70,"minecraft:golden_boots":2,"minecraft:paper":46,"minecraft:apple":45,"minecraft:stone_bricks":31,"mowziesmobs:umvuthana_mask_rage":1,"minecraft:kelp":21,"alexsmobs:cockroach_wing_fragment":1,"born_in_chaos_v1:smoked_flesh":2,"tombstone:bag_of_seeds":3,"minecraft:flowering_azalea":2,"minecraft:dark_oak_slab":22,"minecraft:red_wool":6,"born_in_chaos_v1:orbofthe_summoner":1,"born_in_chaos_v1:ethereal_spirit":17,"minecraft:torchflower_seeds":2,"orcz:bone_1deco":1,"minecraft:gravel":60,"orcz:orcamanita":4,"minecraft:spruce_log":4,"grimoireofgaia:box_iron":1,"magistuarmory:rustedchainmail_leggings":2,"minecraft:slime_ball":7,"minecraft:stone_axe":3,"minecraft:light_blue_carpet":10,"grimoireofgaia:rotten_heart":1,"ancient_elements:topaz_crystal_block":2,"minecraft:baked_potato":5,"minecraft:stripped_dark_oak_log":1,"minecraft:ender_pearl":3,"minecraft:wheat":608,"born_in_chaos_v1:bloody_gadfly_eye":1,"ancient_elements:raw_palladium":34,"born_in_chaos_v1:black_argillite":11,"minecraft:raw_copper":20,"alexsmobs:ancient_dart":1,"minecraft:deepslate_tiles":24,"alexsmobs:banana":3,"ancient_elements:steel_ingot":1,"minecraft:white_tulip":1,"minecraft:rose_bush":8,"minecraft:redstone_torch":1,"minecraft:azalea":4,"minecraft:iron_pickaxe":2,"alexsmobs:leafcutter_ant_chamber":1,"minecraft:furnace":6,"minecraft:tipped_arrow":1,"minecraft:stick":30,"ancient_elements:iron_drill":1,"minecraft:oak_fence":6,"minecraft:torch":242,"ancient_elements:verdant_viridium_shard":15,"minecraft:porkchop":17,"orcz:squigs_claws":2,"tombstone:grave_dust":18,"minecraft:diorite":8,"minecraft:vine":42,"tombstone:lollipop":2,"ancient_elements:topaz_shard":3,"minecraft:rotten_flesh":70,"alexsmobs:emu_egg":7,"minecraft:deepslate_brick_stairs":1,"minecraft:obsidian":43,"minecraft:cobblestone":1094,"minecraft:enchanting_table":4,"minecraft:andesite":142,"minecraft:golden_leggings":4,"minecraft:potato":686,"minecraft:tuff":112,"ancient_elements:selenite_crystal_block":1,"minecraft:lapis_lazuli":135,"minecraft:dirt":889,"born_in_chaos_v1:monster_skin":1,"minecraft:leather_boots":1,"minecraft:glass":5,"minecraft:bone":79,"minecraft:acacia_planks":1,"minecraft:bow":2,"minecraft:wheat_seeds":2035,"minecraft:deepslate_brick_slab":12,"minecraft:raw_gold":19,"minecraft:bamboo":110,"minecraft:powered_rail":1,"minecraft:oak_planks":7,"minecraft:stone_hoe":1,"ancient_elements:scarlet_shard":3,"orcz:orcagaric":7,"minecraft:poisonous_potato":1,"minecraft:sand":1148,"minecraft:jungle_planks":32,"grimoireofgaia:shiny_pearl":4,"minecraft:jungle_leaves":327,"born_in_chaos_v1:fire_dust":2,"minecraft:diamond":8,"grimoireofgaia:withered_brain":1,"magistuarmory:corruptedroundshield":1,"minecraft:grass":9,"minecraft:bone_meal":2,"minecraft:golden_apple":2,"orcz:ironscrap":41,"minecraft:netherrack":51,"minecraft:oak_sapling":19,"minecraft:oak_leaves":195,"minecraft:cocoa_beans":31,"minecraft:charcoal":2,"born_in_chaos_v1:diamond_termite_shard":3,"minecraft:chicken":3,"born_in_chaos_v1:river_mint":1,"minecraft:brown_mushroom":5,"minecraft:wooden_pickaxe":1,"minecraft:cooked_rabbit":1,"minecraft:gold_block":2,"mowziesmobs:glowing_jelly":2,"minecraft:chain":10,"minecraft:shield":1,"ancient_elements:music_disc_luminous":1,"minecraft:moss_carpet":5,"minecraft:item_frame":2,"minecraft:birch_fence":13,"minecraft:blackstone":4,"ancient_elements:selenite_shard":3,"minecraft:andesite_stairs":1,"minecraft:oak_boat":6,"tombstone:tablet_of_assistance":2,"minecraft:sugar_cane":9,"minecraft:dark_oak_sapling":4,"minecraft:raw_iron":184,"grimoireofgaia:meat":9,"ancient_elements:raw_tin":21,"ancient_elements:mining_dungarees_leggings":1,"magistuarmory:rustedkettlehat":2,"minecraft:dark_oak_planks":159,"minecraft:arrow":67,"minecraft:jungle_stairs":2,"minecraft:saddle":1,"minecraft:brick_stairs":5,"born_in_chaos_v1:trident_hayfork":1,"ancient_elements:dynamite_item":1,"born_in_chaos_v1:fused_bone":2,"mowziesmobs:umvuthana_mask_fury":1,"born_in_chaos_v1:corpse_maggot":40,"minecraft:basalt":48,"minecraft:cut_sandstone":1,"minecraft:leather":8,"minecraft:birch_planks":27,"tombstone:voodoo_poppet":2,"minecraft:deepslate_tile_slab":10,"ancient_elements:palladium_pickaxe":1,"minecraft:orange_terracotta":1,"minecraft:cooked_mutton":1,"minecraft:red_carpet":43,"minecraft:iron_ingot":4,"mowziesmobs:umvuthana_mask_misery":1,"minecraft:acacia_sapling":6,"minecraft:soul_sand":54,"minecraft:book":161,"minecraft:oak_slab":6,"minecraft:pitcher_plant":2,"minecraft:stone_brick_slab":9,"minecraft:quartz":17,"minecraft:dandelion":5,"minecraft:amethyst_shard":28,"minecraft:soul_torch":8,"minecraft:spider_eye":6,"minecraft:brick_slab":22,"alexsmobs:raw_catfish":3,"minecraft:pumpkin_seeds":1,"magistuarmory:rusted_bastardsword":4,"magistuarmory:rustedcrusader_boots":2,"tombstone:magic_scroll":2,"minecraft:coal":452},"minecraft:used":{"alexsmobs:emu_egg":1,"magistuarmory:corruptedroundshield":10,"orcz:orcteeth_tool_shovel":136,"minecraft:chest":30,"minecraft:soul_sand":54,"minecraft:brick_slab":37,"minecraft:deepslate_brick_slab":119,"minecraft:jungle_sapling":8,"born_in_chaos_v1:smoked_flesh":11,"minecraft:dark_oak_slab":292,"minecraft:music_disc_wait":1,"minecraft:stone_brick_stairs":28,"minecraft:bow":47,"minecraft:oak_sapling":4,"minecraft:furnace":8,"magistuarmory:rusted_bastardsword":6,"minecraft:potato":331,"magistuarmory:iron_shortsword":1,"minecraft:deepslate_brick_wall":30,"minecraft:brick_wall":10,"minecraft:powered_rail":16,"minecraft:wooden_pickaxe":13,"magistuarmory:iron_tartsche":36,"minecraft:oak_leaves":193,"minecraft:golden_apple":2,"minecraft:glow_berries":35,"minecraft:sand":466,"minecraft:blast_furnace":1,"minecraft:deepslate_brick_stairs":21,"minecraft:birch_fence":154,"minecraft:deepslate_tiles":166,"born_in_chaos_v1:monster_flesh":1,"minecraft:dark_oak_fence":166,"minecraft:oak_boat":3,"minecraft:enchanting_table":4,"minecraft:stone_sword":289,"minecraft:orange_bed":4,"minecraft:torch":833,"minecraft:brewing_stand":2,"minecraft:anvil":1,"minecraft:oak_fence_gate":2,"minecraft:fern":1,"ancient_elements:block_of_steel":1,"minecraft:iron_axe":1267,"minecraft:brick_stairs":7,"orcz:scrapblock":1,"minecraft:jungle_log":5,"minecraft:bamboo":102,"minecraft:basalt":7,"minecraft:glowstone":8,"tombstone:gift":10,"minecraft:cobbled_deepslate":150,"minecraft:wheat_seeds":778,"alexsmobs:cooked_catfish":3,"minecraft:water_bucket":49,"minecraft:birch_planks":20,"minecraft:lead":2,"minecraft:cauldron":1,"minecraft:deepslate_bricks":331,"minecraft:vine":13,"minecraft:rail":123,"minecraft:crafting_table":19,"minecraft:oak_slab":131,"minecraft:red_bed":6,"minecraft:campfire":2,"minecraft:blue_stained_glass_pane":48,"minecraft:diamond_pickaxe":912,"orcz:orcteeth_tool_axe":111,"minecraft:iron_pickaxe":2176,"ancient_elements:palladium_pickaxe":969,"minecraft:cobblestone":375,"minecraft:potion":1,"minecraft:cooked_porkchop":10,"ancient_elements:mining_dungarees_leggings":1,"minecraft:iron_shovel":1673,"minecraft:shield":223,"minecraft:iron_sword":245,"tombstone:lollipop":2,"minecraft:iron_chestplate":1,"minecraft:birch_pressure_plate":1,"minecraft:carrot":132,"minecraft:deepslate_tile_slab":153,"minecraft:tuff":15,"minecraft:axolotl_bucket":2,"minecraft:obsidian":18,"born_in_chaos_v1:corpse_maggot":20,"minecraft:bricks":8,"minecraft:lantern":7,"born_in_chaos_v1:gnawed_bones":1,"minecraft:stone_bricks":260,"minecraft:item_frame":2,"minecraft:red_carpet":43,"minecraft:hay_block":14,"grimoireofgaia:meat":5,"minecraft:stone_pickaxe":82,"minecraft:oak_planks":11,"minecraft:sandstone":242,"minecraft:sugar_cane":8,"minecraft:shears":630,"minecraft:redstone_torch":15,"minecraft:birch_fence_gate":2,"minecraft:melon_slice":65,"minecraft:bread":148,"tombstone:grave_key":73,"minecraft:gravel":30,"minecraft:andesite":5,"minecraft:bone_meal":117,"minecraft:jungle_leaves":165,"minecraft:flint_and_steel":1,"minecraft:tropical_fish":1,"minecraft:stone_shovel":96,"minecraft:spruce_planks":7,"born_in_chaos_v1:black_argillite":2,"minecraft:stone_hoe":321,"minecraft:cooked_chicken":3,"minecraft:spyglass":64,"minecraft:dirt":826,"minecraft:granite":29,"minecraft:purple_stained_glass_pane":272,"minecraft:dark_oak_planks":853,"minecraft:birch_door":1,"alexsmobs:maggot":2,"minecraft:stone_brick_slab":131,"minecraft:wooden_axe":19,"minecraft:bookshelf":36,"minecraft:pitcher_plant":2,"minecraft:minecart":13,"alexsmobs:banana":1,"minecraft:cooked_beef":4,"minecraft:enchanted_golden_apple":1,"born_in_chaos_v1:trident_hayfork":164,"minecraft:cooked_mutton":2,"minecraft:baked_potato":260,"minecraft:cut_sandstone":65,"magistuarmory:iron_zweihander":527,"ancient_elements:iron_hammer":123,"minecraft:dark_oak_door":6,"minecraft:smoker":1,"tombstone:bag_of_seeds":2,"minecraft:purple_stained_glass":122,"minecraft:flower_pot":1,"minecraft:apple":1,"minecraft:jungle_stairs":17,"minecraft:stone_axe":595,"orcz:bone_1deco":3,"minecraft:jungle_door":2,"minecraft:bucket":54,"magistuarmory:steel_chainmorgenstern":255,"minecraft:soul_torch":15,"minecraft:birch_stairs":6},"minecraft:killed_by":{"born_in_chaos_v1:nightmare_stalker":1,"grimoireofgaia:arachne":4,"grimoireofgaia:toad":9,"orcz:goblinsavagemace":2,"grimoireofgaia:minotaurus":2,"born_in_chaos_v1:supreme_bonescaller_not_despawn":1,"minecraft:zombie":10,"alexsmobs:grizzly_bear":1,"born_in_chaos_v1:scarlet_persecutor":1,"orcz:squig":2,"grimoireofgaia:cobblestone_golem":3,"grimoireofgaia:ender_eye":2,"orcz:goblin_2sword":1,"grimoireofgaia:succubus":1,"born_in_chaos_v1:baby_skeleton_minion":1,"born_in_chaos_v1:restless_spirit":1,"grimoireofgaia:satyress":2,"minecraft:stray":2,"orcz:weirdboinecro":1,"born_in_chaos_v1:bonescaller":1,"grimoireofgaia:shaman":1,"born_in_chaos_v1:decrepit_skeleton":1,"grimoireofgaia:witch":1,"grimoireofgaia:hunter":1,"born_in_chaos_v1:dread_hound":1,"grimoireofgaia:bee":1,"grimoireofgaia:creep":1,"minecraft:creeper":2,"orcz:orcsavage_2sword":1,"born_in_chaos_v1:bone_imp_minion":1,"born_in_chaos_v1:corpse_fly":1,"minecraft:drowned":1,"mowziesmobs:umvuthi":6,"grimoireofgaia:cecaelia":15,"grimoireofgaia:bone_knight":3,"minecraft:cave_spider":1,"grimoireofgaia:deathword":2,"grimoireofgaia:harpy":1,"grimoireofgaia:spriggan":1,"minecraft:witch":1,"born_in_chaos_v1:bonescaller_not_despawn":1,"grimoireofgaia:orc":3,"minecraft:spider":4,"grimoireofgaia:matango":2,"born_in_chaos_v1:sir_pumpkinhead":1,"minecraft:skeleton":10,"born_in_chaos_v1:missioner":1},"minecraft:custom":{"minecraft:interact_with_crafting_table":239,"minecraft:open_barrel":43,"minecraft:bell_ring":9,"minecraft:eat_cake_slice":2,"minecraft:leave_game":37,"minecraft:time_since_death":77957,"minecraft:damage_blocked_by_shield":17098,"tombstone:eaten_lollipop":2,"minecraft:play_time":1967332,"minecraft:deaths":119,"minecraft:jump":20987,"minecraft:interact_with_furnace":185,"minecraft:play_record":1,"minecraft:traded_with_villager":2,"minecraft:sleep_in_bed":52,"minecraft:damage_dealt":44430,"tombstone:undead_killed":110,"minecraft:interact_with_smoker":33,"minecraft:interact_with_anvil":15,"minecraft:sneak_time":82798,"minecraft:interact_with_blast_furnace":34,"minecraft:total_world_time":1967332,"minecraft:tune_noteblock":4,"minecraft:time_since_rest":77232,"minecraft:swim_one_cm":501625,"minecraft:fly_one_cm":3358681,"minecraft:open_chest":809,"minecraft:fall_one_cm":426584,"minecraft:animals_bred":70,"minecraft:damage_resisted":568,"minecraft:sprint_one_cm":5128834,"minecraft:drop":219,"minecraft:play_noteblock":1,"minecraft:talked_to_villager":15,"minecraft:interact_with_brewingstand":2,"minecraft:walk_on_water_one_cm":462250,"minecraft:player_kills":3,"minecraft:crouch_one_cm":269615,"minecraft:mob_kills":292,"minecraft:fill_cauldron":1,"minecraft:damage_dealt_resisted":13150,"minecraft:climb_one_cm":394559,"minecraft:walk_one_cm":6254601,"minecraft:walk_under_water_one_cm":189534,"minecraft:boat_one_cm":90915,"minecraft:pot_flower":1,"minecraft:damage_taken":56444,"minecraft:damage_absorbed":69,"minecraft:minecart_one_cm":207387},"minecraft:broken":{"magistuarmory:rustedcrusader_boots":1,"minecraft:shears":2,"minecraft:iron_boots":4,"minecraft:iron_chestplate":1,"minecraft:iron_sword":1,"minecraft:leather_helmet":1,"minecraft:chainmail_leggings":2,"orcz:orcteeth_tool_axe":1,"magistuarmory:rustedkettlehat":1,"magistuarmory:corruptedroundshield":1,"minecraft:chainmail_helmet":1,"minecraft:shield":3,"minecraft:iron_axe":7,"minecraft:iron_pickaxe":1,"minecraft:iron_helmet":2,"minecraft:golden_helmet":1,"minecraft:iron_shovel":6,"minecraft:golden_leggings":2,"minecraft:chainmail_chestplate":1,"minecraft:stone_axe":7,"orcz:orcteeth_tool_shovel":1,"orcz:orcteeth_armor_armor_chestplate":1,"minecraft:leather_chestplate":1,"magistuarmory:iron_tartsche":1,"mowziesmobs:umvuthana_mask_misery":1,"minecraft:leather_boots":2},"minecraft:mined":{"minecraft:dark_oak_planks":157,"alexsmobs:leafcutter_anthill":1,"minecraft:jungle_leaves":596,"minecraft:potted_crimson_fungus":1,"minecraft:light_blue_carpet":14,"minecraft:obsidian":45,"minecraft:granite":109,"minecraft:acacia_log":31,"born_in_chaos_v1:dark_metal_deposit":5,"minecraft:yellow_carpet":7,"minecraft:jungle_log":77,"minecraft:oak_pressure_plate":1,"minecraft:deepslate_bricks":9,"minecraft:spawner":19,"minecraft:tall_seagrass":3,"minecraft:magma_block":13,"ancient_elements:topaz_clust":1,"minecraft:cobbled_deepslate":14,"ancient_elements:selenite_clust":1,"minecraft:moss_carpet":1,"ancient_elements:tin_ore":16,"minecraft:deepslate_lapis_ore":18,"minecraft:enchanting_table":4,"minecraft:cave_vines":22,"minecraft:water_cauldron":2,"minecraft:deepslate_brick_stairs":2,"minecraft:iron_block":2,"minecraft:orange_bed":4,"minecraft:soul_wall_torch":5,"minecraft:red_bed":3,"minecraft:kelp_plant":5,"minecraft:soul_fire":5,"minecraft:amethyst_cluster":6,"minecraft:deepslate_tile_slab":6,"born_in_chaos_v1:infected_deepslate_diamond_ore":3,"minecraft:torch":120,"minecraft:note_block":1,"minecraft:melon":17,"minecraft:sugar_cane":6,"minecraft:bricks":8,"minecraft:amethyst_block":4,"minecraft:chain":3,"minecraft:wheat":561,"minecraft:pitcher_plant":1,"minecraft:grass":390,"ancient_elements:jungle_steel_ore":52,"ancient_elements:budding_scarlet":1,"minecraft:smooth_basalt":13,"minecraft:deepslate":1045,"minecraft:deepslate_tiles":24,"minecraft:blue_stained_glass_pane":1,"minecraft:mossy_cobblestone":1,"minecraft:dark_oak_log":360,"minecraft:dark_oak_fence":15,"born_in_chaos_v1:black_argillite_brick_wall":1,"minecraft:spruce_fence":2,"born_in_chaos_v1:black_argillite":11,"alexsmobs:leafcutter_ant_chamber":1,"ancient_elements:meteorite_block":6,"ancient_elements:scarlet_clust":1,"minecraft:moss_block":16,"minecraft:kelp":4,"minecraft:redstone_ore":4,"minecraft:jungle_sapling":1,"minecraft:acacia_wood":4,"ancient_elements:deepslate_jungle_steel_ore":3,"minecraft:andesite":101,"minecraft:potatoes":171,"minecraft:vine":179,"minecraft:rail":139,"minecraft:bamboo":12,"ancient_elements:reflectine":69,"minecraft:bone_block":3,"ancient_elements:steel_ore":16,"minecraft:oak_slab":3,"minecraft:soul_sand":54,"minecraft:stone_brick_slab":6,"minecraft:dandelion":6,"minecraft:cornflower":11,"minecraft:campfire":1,"minecraft:copper_ore":4,"minecraft:tall_grass":97,"minecraft:deepslate_gold_ore":19,"minecraft:diorite":26,"minecraft:big_dripleaf":1,"minecraft:coarse_dirt":14,"minecraft:purple_stained_glass":5,"minecraft:spruce_log":2,"minecraft:birch_leaves":3,"minecraft:pitcher_crop":1,"minecraft:gravel":46,"minecraft:cobweb":13,"minecraft:acacia_planks":1,"minecraft:stone_bricks":32,"minecraft:fern":35,"minecraft:large_amethyst_bud":1,"minecraft:spruce_planks":7,"orcz:orcamanita":4,"minecraft:oak_sapling":1,"minecraft:andesite_stairs":1,"minecraft:brewing_stand":4,"minecraft:cave_vines_plant":29,"minecraft:budding_amethyst":3,"minecraft:grass_block":471,"minecraft:purple_stained_glass_pane":2,"minecraft:soul_soil":26,"minecraft:glowstone":11,"minecraft:iron_ore":60,"minecraft:red_tulip":1,"minecraft:iron_bars":17,"ancient_elements:budding_verdant_viridium":4,"minecraft:azalea":3,"minecraft:deepslate_redstone_ore":28,"minecraft:blackstone":9,"minecraft:orange_terracotta":1,"minecraft:clay":48,"minecraft:jungle_stairs":3,"minecraft:calcite":9,"minecraft:poppy":19,"minecraft:chest":17,"minecraft:nether_quartz_ore":20,"ancient_elements:verdant_viridium_crystal_block":12,"ancient_elements:cloud":1,"ancient_elements:deepslate_tin_ore":2,"minecraft:cobblestone":57,"minecraft:oak_planks":6,"minecraft:wall_torch":102,"minecraft:seagrass":2,"minecraft:powered_rail":1,"minecraft:dark_oak_slab":19,"minecraft:dark_oak_door":3,"orcz:orcagaric":3,"minecraft:birch_log":71,"born_in_chaos_v1:river_mint":2,"orcz:blue_orcshroom":5,"minecraft:oak_log":69,"minecraft:sand":816,"minecraft:dirt":466,"minecraft:netherrack":57,"minecraft:oak_leaves":316,"minecraft:red_carpet":46,"minecraft:tuff":120,"ancient_elements:lead_ore":12,"minecraft:dark_oak_leaves":22,"minecraft:deepslate_diamond_ore":8,"born_in_chaos_v1:infected_diamond_ore":5,"minecraft:glow_lichen":4,"minecraft:lever":1,"minecraft:brick_stairs":4,"minecraft:mangrove_trapdoor":1,"minecraft:sandstone":28,"orcz:bone_1deco":1,"minecraft:hay_block":14,"minecraft:deepslate_brick_slab":10,"minecraft:furnace":6,"minecraft:carrots":1,"minecraft:acacia_stairs":3,"minecraft:gold_block":2,"minecraft:bookshelf":57,"minecraft:deepslate_iron_ore":124,"ancient_elements:palladium_ore":34,"minecraft:lantern":7,"minecraft:stone":1062,"minecraft:white_tulip":1,"minecraft:podzol":1,"minecraft:acacia_leaves":1,"minecraft:flowering_azalea":3,"minecraft:red_wool":4,"minecraft:soul_torch":4,"minecraft:stripped_dark_oak_log":1,"minecraft:basalt":48,"minecraft:oak_fence":1,"minecraft:crafting_table":6,"minecraft:rose_bush":11,"minecraft:deepslate_coal_ore":8,"minecraft:lapis_ore":5,"minecraft:birch_planks":20,"ancient_elements:verdant_viridium_clust":4,"minecraft:brick_slab":18,"ancient_elements:scarlet_crystal_block":1,"minecraft:dead_brain_coral_block":1,"minecraft:coal_ore":338,"minecraft:flower_pot":1,"minecraft:cracked_stone_bricks":4,"minecraft:birch_fence":14},"minecraft:dropped":{"minecraft:cooked_porkchop":5,"minecraft:glow_berries":1,"born_in_chaos_v1:pieceofdarkmetal":11,"minecraft:gold_block":1,"born_in_chaos_v1:monster_flesh":2,"minecraft:dirt":21,"minecraft:grass":3,"alexsmobs:flying_fish":1,"minecraft:chain":1,"minecraft:gold_nugget":1,"minecraft:sand":1,"minecraft:iron_pickaxe":1,"magistuarmory:rustedchainmail_leggings":1,"minecraft:stone_axe":1,"minecraft:sugar_cane":1,"minecraft:iron_nugget":30,"minecraft:cobbled_deepslate":60,"magistuarmory:iron_zweihander":2,"minecraft:wheat":1,"minecraft:stripped_dark_oak_log":1,"minecraft:deepslate_brick_slab":1,"minecraft:rotten_flesh":42,"minecraft:oak_planks":9,"minecraft:glowstone_dust":2,"alexsmobs:emu_egg":1,"minecraft:charcoal":1,"grimoireofgaia:meat":2,"minecraft:iron_ingot":8,"minecraft:wheat_seeds":483,"minecraft:cobblestone":138,"orcz:orcagaric":5,"minecraft:apple":11,"minecraft:granite":26,"ancient_elements:reflectine":1,"minecraft:golden_apple":1,"minecraft:wooden_axe":1,"minecraft:potion":1,"minecraft:paper":8,"minecraft:string":6,"tombstone:voodoo_poppet":1,"minecraft:bricks":1,"born_in_chaos_v1:rotten_fish":1,"minecraft:stone_shovel":2,"orcz:orcamanita":2,"minecraft:potato":17,"alexsmobs:cockroach_wing_fragment":1,"minecraft:diamond_pickaxe":1,"minecraft:spider_eye":1,"minecraft:sandstone":28,"minecraft:bow":1,"minecraft:stripped_spruce_wood":1,"minecraft:brown_mushroom":3,"minecraft:birch_planks":3,"minecraft:baked_potato":1,"orcz:blue_orcshroom":2,"minecraft:jungle_planks":28,"minecraft:flint":1,"tombstone:bag_of_seeds":1,"minecraft:cornflower":4,"minecraft:gravel":12,"born_in_chaos_v1:ethereal_spirit":2,"minecraft:cooked_mutton":4,"ancient_elements:raw_tin":6,"minecraft:leather_chestplate":1,"minecraft:beetroot_seeds":6,"born_in_chaos_v1:corpse_maggot":4,"minecraft:basalt":41,"minecraft:arrow":4,"minecraft:bread":10,"magistuarmory:rustedkettlehat":1,"orcz:palisadedarkoak":2,"minecraft:stick":36,"born_in_chaos_v1:river_mint":1,"minecraft:diorite":3,"tombstone:grave_dust":1,"minecraft:jungle_leaves":5,"minecraft:music_disc_cat":1,"minecraft:coarse_dirt":14,"minecraft:tuff":92,"orcz:ironscrap":13,"minecraft:filled_map":1,"minecraft:shield":1,"orcz:orcteeth":6,"minecraft:andesite":33,"minecraft:oak_sapling":3,"minecraft:wooden_pickaxe":1,"ancient_elements:steel_ingot":1}},"DataVersion":3465}