{"stats":{"minecraft:mined":{"minecraft:jungle_leaves":22,"mowziesmobs:clawed_log":5,"minecraft:light_blue_carpet":2,"minecraft:obsidian":92,"minecraft:granite":18,"minecraft:acacia_log":71,"minecraft:yellow_carpet":1,"minecraft:jungle_log":13,"minecraft:spawner":16,"minecraft:tall_seagrass":3,"minecraft:magma_block":2,"ancient_elements:topaz_clust":3,"minecraft:mossy_cobblestone_stairs":1,"minecraft:dark_oak_trapdoor":1,"minecraft:cobbled_deepslate":6,"minecraft:fire":4,"ancient_elements:selenite_clust":1,"ancient_elements:tin_ore":58,"minecraft:deepslate_lapis_ore":2,"minecraft:cave_vines":2,"minecraft:dead_tube_coral":1,"minecraft:water_cauldron":1,"minecraft:dirt_path":1,"refurbished_furniture:birch_cutting_board":2,"minecraft:pink_tulip":1,"minecraft:orange_bed":10,"minecraft:torch":27,"minecraft:melon":47,"minecraft:bricks":1,"minecraft:skeleton_skull":2,"minecraft:chain":6,"minecraft:wheat":202,"minecraft:birch_door":3,"minecraft:stone_brick_stairs":3,"minecraft:grass":540,"tombstone:decorative_grave_simple":1,"ancient_elements:budding_scarlet":2,"minecraft:red_mushroom_block":1,"born_in_chaos_v1:infernal_evil_pumpkin_s":1,"minecraft:deepslate":277,"minecraft:mossy_cobblestone":1,"minecraft:dark_oak_log":34,"minecraft:spruce_fence":1,"minecraft:jungle_planks":2,"minecraft:stripped_jungle_wood":13,"born_in_chaos_v1:black_argillite":9,"minecraft:crimson_roots":4,"ancient_elements:meteorite_block":12,"ancient_elements:scarlet_clust":4,"minecraft:moss_block":5,"minecraft:acacia_wood":2,"minecraft:andesite":7,"orcz:orcshroom":2,"minecraft:mossy_stone_brick_stairs":1,"minecraft:potatoes":117,"minecraft:cobblestone_slab":13,"minecraft:vine":7,"minecraft:rail":1,"minecraft:bamboo":1,"ancient_elements:reflectine":63,"ancient_elements:steel_ore":10,"minecraft:oak_slab":3,"minecraft:dandelion":1,"minecraft:tall_grass":57,"minecraft:copper_ore":1,"minecraft:deepslate_gold_ore":9,"minecraft:diorite":156,"minecraft:coarse_dirt":1,"minecraft:birch_leaves":5,"minecraft:dark_oak_button":2,"minecraft:pitcher_crop":1,"minecraft:gravel":190,"minecraft:dripstone_block":3,"ancient_elements:nocturnal_clust":1,"minecraft:cobweb":8,"minecraft:acacia_planks":48,"minecraft:stone_bricks":9,"minecraft:gold_ore":4,"minecraft:fern":6,"minecraft:spruce_planks":8,"orcz:orcamanita":7,"minecraft:attached_melon_stem":2,"minecraft:cobblestone_stairs":15,"minecraft:spruce_trapdoor":1,"minecraft:cave_vines_plant":1,"minecraft:grass_block":216,"minecraft:polished_diorite":2,"minecraft:composter":1,"ancient_elements:selenite_crystal_block":1,"minecraft:iron_ore":112,"born_in_chaos_v1:black_argillite_brick_stairs":10,"minecraft:dark_oak_stairs":1,"minecraft:red_tulip":1,"minecraft:pointed_dripstone":26,"minecraft:iron_bars":23,"ancient_elements:budding_verdant_viridium":1,"ancient_elements:budding_nocturn":2,"minecraft:azalea":3,"minecraft:spruce_slab":53,"minecraft:deepslate_redstone_ore":31,"minecraft:clay":3,"minecraft:poppy":1,"refurbished_furniture:jungle_lattice_fence":4,"minecraft:chest":2,"ancient_elements:deepslate_tin_ore":12,"minecraft:cobblestone":201,"minecraft:oak_planks":2,"minecraft:wall_torch":19,"ancient_elements:deepslate_steel_ore":1,"minecraft:cauldron":3,"minecraft:seagrass":1,"minecraft:dark_oak_slab":1,"orcz:orcagaric":7,"minecraft:birch_log":72,"born_in_chaos_v1:fired_black_argillite":1,"born_in_chaos_v1:river_mint":2,"orcz:blue_orcshroom":4,"minecraft:oak_log":271,"minecraft:acacia_fence":2,"minecraft:sand":14,"minecraft:dirt":309,"minecraft:raw_copper_block":1,"born_in_chaos_v1:black_argillite_wall":1,"minecraft:netherrack":1,"minecraft:oak_leaves":150,"minecraft:red_carpet":1,"minecraft:tuff":19,"ancient_elements:lead_ore":41,"minecraft:dark_oak_leaves":16,"minecraft:deepslate_diamond_ore":3,"born_in_chaos_v1:infected_diamond_ore":4,"minecraft:weeping_vines":1,"minecraft:polished_andesite_slab":1,"minecraft:sandstone":1,"minecraft:hay_block":60,"ancient_elements:topaz_crystal_block":2,"minecraft:furnace":15,"minecraft:carrots":402,"minecraft:acacia_stairs":29,"minecraft:stripped_spruce_log":24,"minecraft:peony":1,"minecraft:deepslate_iron_ore":24,"ancient_elements:palladium_ore":18,"minecraft:stripped_oak_log":1,"minecraft:stone":2566,"minecraft:podzol":1,"minecraft:acacia_leaves":45,"born_in_chaos_v1:marigolds":1,"minecraft:crafting_table":6,"born_in_chaos_v1:chipped_black_argillite_brick":2,"minecraft:lapis_ore":2,"ancient_elements:budding_selenite":1,"minecraft:spruce_stairs":10,"minecraft:birch_planks":19,"ancient_elements:verdant_viridium_clust":5,"ancient_elements:scarlet_crystal_block":10,"minecraft:dead_brain_coral_block":1,"minecraft:coal_ore":248,"minecraft:cracked_stone_bricks":5,"minecraft:small_dripleaf":1,"minecraft:birch_fence":1},"minecraft:crafted":{"minecraft:smooth_stone":6,"minecraft:birch_slab":6,"refurbished_furniture:birch_cutting_board":1,"orcz:orcteeth_tool_shovel":1,"minecraft:cooked_mutton":2,"ancient_elements:obsidian_sword":3,"minecraft:acacia_fence":30,"minecraft:birch_door":3,"born_in_chaos_v1:phantom_bomb":2,"minecraft:cooked_porkchop":13,"orcz:orczstew":1,"ancient_elements:obsidian_shovel":1,"orcz:orc_steel_sword":1,"minecraft:campfire":1,"ancient_elements:tin_ingot":31,"tombstone:white_marble":3,"minecraft:iron_pickaxe":2,"minecraft:iron_block":3,"minecraft:acacia_door":3,"orcz:orcteeth_tool_sword":2,"ancient_elements:obsidian_helmet":2,"born_in_chaos_v1:spiritual_sword":1,"minecraft:bone_meal":189,"refurbished_furniture:dark_oak_lattice_fence":21,"minecraft:spruce_stairs":36,"minecraft:polished_diorite":8,"ancient_elements:obsidian_boots":4,"refurbished_furniture:workbench":1,"ancient_elements:palladium_sword":1,"minecraft:ladder":21,"orcz:orcteethpaxel":1,"ancient_elements:obsidian_leggings":4,"minecraft:stone_pickaxe":1,"orcz:orcteeth_tool_pickaxe":1,"minecraft:redstone_block":4,"minecraft:dark_oak_planks":136,"minecraft:wheat":522,"refurbished_furniture:birch_storage_cabinet":2,"minecraft:bone":6,"ancient_elements:obsidian_axe":1,"orcz:orcteeth_tool_hoe":1,"ancient_elements:lead_ingot":26,"orcz:orcsymbolred":1,"refurbished_furniture:jungle_lattice_fence":3,"ancient_elements:obsidian_pickaxe":3,"minecraft:oak_planks":700,"minecraft:cobblestone_slab":30,"minecraft:cobblestone_stairs":216,"minecraft:stone":201,"orcz:orc_steel":8,"minecraft:bow":2,"minecraft:iron_boots":1,"tombstone:grave_key":2,"minecraft:chest":39,"orcz:orcsymbol":1,"minecraft:stone_hoe":1,"ancient_elements:dynamite_item":6,"refurbished_furniture:light_electricity_generator":1,"minecraft:oak_slab":324,"minecraft:cauldron":3,"minecraft:crafting_table":17,"minecraft:spruce_planks":72,"minecraft:iron_helmet":3,"minecraft:wooden_pickaxe":1,"minecraft:baked_potato":254,"tombstone:decorative_grave_simple":1,"minecraft:birch_planks":148,"orcz:orcteeth_tool_axe":1,"minecraft:iron_chestplate":2,"minecraft:diamond_pickaxe":2,"minecraft:charcoal":5,"ancient_elements:palladium_pickaxe":2,"minecraft:shield":2,"minecraft:stick":260,"minecraft:iron_ingot":144,"minecraft:stone_sword":1,"ancient_elements:obsidian_ingot":91,"minecraft:oak_door":3,"ancient_elements:iron_drill":2,"refurbished_furniture:dark_oak_lattice_fence_gate":1,"minecraft:furnace":15,"minecraft:blast_furnace":2,"refurbished_furniture:jungle_lattice_fence_gate":1,"minecraft:flint_and_steel":1,"ancient_elements:lead_sword":1,"born_in_chaos_v1:bone_handle":1,"born_in_chaos_v1:fried_maggot":1,"minecraft:cooked_beef":13,"minecraft:red_dye":1,"orcz:heavyorchammer":1,"minecraft:iron_sword":5,"minecraft:bowl":4,"alexsmobs:boiled_emu_egg":1,"minecraft:bucket":1,"ancient_elements:obsidian_chestplate":4,"minecraft:stone_axe":2,"minecraft:bread":240,"minecraft:air":0,"minecraft:jungle_planks":56,"refurbished_furniture:wrench":1,"minecraft:oak_boat":4,"ancient_elements:palladium_ingot":8,"orcz:orcsteelpowder":8,"minecraft:stonecutter":2,"minecraft:anvil":1,"minecraft:acacia_planks":252,"minecraft:torch":744},"minecraft:used":{"alexsmobs:emu_egg":1,"orcz:orc_steel_sword":26,"minecraft:spruce_slab":26,"minecraft:ladder":23,"minecraft:chest":36,"minecraft:stone":2,"mowziesmobs:umvuthana_mask_bliss":1,"minecraft:acacia_sapling":2,"minecraft:stripped_spruce_log":1,"born_in_chaos_v1:smoked_flesh":1,"minecraft:lava_bucket":24,"minecraft:birch_sapling":2,"minecraft:stone_brick_stairs":1,"mowziesmobs:umvuthana_mask_rage":1,"ancient_elements:obsidian_axe":539,"born_in_chaos_v1:fired_black_argillite":1,"minecraft:bow":90,"minecraft:oak_sapling":1,"minecraft:furnace":28,"minecraft:cooked_cod":4,"minecraft:acacia_fence":28,"minecraft:egg":5,"minecraft:potato":165,"ancient_elements:obsidian_pickaxe":3427,"mowziesmobs:foliaath_seed":7,"minecraft:diorite":11,"minecraft:wooden_pickaxe":10,"minecraft:sand":6,"minecraft:blast_furnace":1,"ancient_elements:obsidian_sword":2557,"minecraft:birch_fence":1,"refurbished_furniture:birch_storage_cabinet":2,"born_in_chaos_v1:spiritual_sword":4,"minecraft:polished_andesite_slab":1,"minecraft:oak_boat":2,"minecraft:iron_bars":13,"minecraft:stone_sword":105,"born_in_chaos_v1:fried_maggot":1,"minecraft:orange_bed":10,"minecraft:torch":827,"minecraft:anvil":1,"minecraft:polished_diorite":4,"born_in_chaos_v1:chipped_black_argillite_brick":1,"orcz:orcteethpaxel":150,"minecraft:melon_seeds":1,"ancient_elements:lead_sword":32,"tombstone:gift":11,"minecraft:acacia_wood":1,"refurbished_furniture:jungle_lattice_fence_gate":1,"minecraft:cobbled_deepslate":121,"minecraft:acacia_planks":172,"minecraft:pointed_dripstone":7,"ancient_elements:obsidian_shovel":523,"minecraft:wheat_seeds":200,"minecraft:water_bucket":41,"minecraft:birch_planks":42,"ancient_elements:palladium_sword":781,"minecraft:cauldron":7,"born_in_chaos_v1:black_argillite_brick_stairs":8,"minecraft:mossy_cobblestone":1,"minecraft:tnt":2,"minecraft:oak_slab":278,"minecraft:crafting_table":23,"minecraft:campfire":1,"minecraft:cod":1,"minecraft:oak_log":7,"minecraft:diamond_pickaxe":73,"minecraft:iron_pickaxe":296,"tombstone:magic_scroll":1,"ancient_elements:palladium_pickaxe":351,"minecraft:cobblestone":840,"minecraft:potion":2,"minecraft:cooked_porkchop":14,"minecraft:dandelion":1,"refurbished_furniture:jungle_lattice_fence":7,"minecraft:shield":330,"minecraft:iron_sword":667,"tombstone:lollipop":4,"minecraft:jungle_planks":2,"minecraft:carrot":1226,"born_in_chaos_v1:corpse_maggot":1,"tombstone:decorative_grave_simple":1,"minecraft:iron_helmet":1,"orcz:orcagaric":2,"minecraft:stone_bricks":172,"minecraft:red_carpet":1,"grimoireofgaia:meat":2,"minecraft:skeleton_skull":1,"minecraft:stone_pickaxe":84,"minecraft:oak_planks":96,"orcz:heavyorchammer":58,"minecraft:melon_slice":231,"minecraft:acacia_door":2,"minecraft:string":1,"minecraft:bread":149,"tombstone:grave_key":31,"born_in_chaos_v1:marigolds":1,"born_in_chaos_v1:smoked_monster_flesh":4,"minecraft:cooked_rabbit":2,"minecraft:andesite":3,"minecraft:bone_meal":159,"ancient_elements:meteorite_block":1,"minecraft:flint_and_steel":2,"minecraft:spruce_planks":2,"minecraft:stone_hoe":98,"minecraft:oak_door":3,"refurbished_furniture:birch_cutting_board":3,"minecraft:dirt":594,"minecraft:spruce_stairs":23,"minecraft:spruce_fence":1,"minecraft:birch_door":5,"minecraft:pitcher_plant":1,"minecraft:cooked_beef":13,"alexsmobs:boiled_emu_egg":1,"born_in_chaos_v1:trident_hayfork":279,"minecraft:cooked_mutton":6,"minecraft:cobblestone_stairs":113,"minecraft:baked_potato":3,"minecraft:stonecutter":1,"minecraft:cobblestone_slab":26,"born_in_chaos_v1:stimulating_decoction":1,"orcz:orcamanita":2,"tombstone:bag_of_seeds":4,"orcz:orczstew":1,"minecraft:apple":19,"refurbished_furniture:light_electricity_generator":1,"mowziesmobs:sol_visage":1,"minecraft:stone_axe":247,"refurbished_furniture:workbench":1,"minecraft:bucket":75,"alexsmobs:animal_dictionary":1},"minecraft:dropped":{"minecraft:iron_sword":1,"minecraft:glow_ink_sac":1,"minecraft:glass_bottle":1,"minecraft:mossy_stone_brick_stairs":1,"minecraft:rail":1,"minecraft:red_carpet":1,"minecraft:dirt":6,"minecraft:raw_copper_block":2,"ancient_elements:obsidian_pickaxe":2,"magistuarmory:rusted_bastardsword":1,"minecraft:horn_coral":2,"minecraft:chain":1,"minecraft:gold_nugget":3,"born_in_chaos_v1:trident_hayfork":1,"minecraft:bone":9,"magistuarmory:rustedchainmail_leggings":2,"minecraft:sugar_cane":2,"minecraft:iron_nugget":23,"alexsmobs:animal_dictionary":1,"minecraft:cobbled_deepslate":12,"minecraft:rotten_flesh":31,"minecraft:oak_planks":3,"minecraft:tipped_arrow":1,"minecraft:leather_boots":1,"minecraft:acacia_sapling":1,"minecraft:stone_brick_stairs":1,"minecraft:iron_ingot":1,"minecraft:wheat_seeds":99,"minecraft:dripstone_block":3,"minecraft:oak_fence":6,"minecraft:feather":7,"minecraft:cobblestone":42,"minecraft:book":3,"orcz:orcagaric":8,"minecraft:apple":2,"minecraft:granite":4,"ancient_elements:reflectine":6,"minecraft:yellow_carpet":8,"minecraft:golden_apple":1,"born_in_chaos_v1:black_argillite":9,"grimoireofgaia:taproot":2,"minecraft:mossy_cobblestone_stairs":1,"minecraft:paper":5,"minecraft:string":1,"tombstone:voodoo_poppet":1,"minecraft:acacia_planks":1,"minecraft:pink_tulip":1,"ancient_elements:scarlet_crystal_block":2,"minecraft:moss_carpet":2,"born_in_chaos_v1:rotten_fish":6,"orcz:orcamanita":4,"ancient_elements:topaz_crystal_block":2,"magistuarmory:rusted_heavymace":3,"minecraft:potato":2,"ancient_elements:palladium_pickaxe":1,"ancient_elements:obsidian_sword":1,"minecraft:diamond_pickaxe":1,"ancient_elements:selenite_crystal_block":1,"minecraft:spider_eye":2,"minecraft:bow":2,"minecraft:red_tulip":1,"minecraft:magma_block":1,"minecraft:cooked_rabbit":1,"minecraft:brown_mushroom":1,"minecraft:ender_pearl":1,"ancient_elements:dynamite_item":1,"magistuarmory:rustedcrusader_chestplate":1,"ancient_elements:raw_steel":3,"minecraft:leather":2,"minecraft:jungle_planks":14,"ancient_elements:raw_lead":8,"magistuarmory:rustednorman_helmet":2,"minecraft:dark_oak_log":2,"minecraft:crimson_roots":3,"ancient_elements:mining_dungarees_leggings":1,"born_in_chaos_v1:fire_dust":2,"orcz:orcshroom":1,"minecraft:acacia_stairs":1,"minecraft:carrot":16,"ancient_elements:raw_tin":20,"minecraft:poppy":2,"minecraft:gunpowder":3,"born_in_chaos_v1:corpse_maggot":1,"minecraft:melon_seeds":1,"born_in_chaos_v1:diamond_termite_shard":2,"minecraft:iron_bars":2,"magistuarmory:rustedchainmail_boots":1,"minecraft:netherrack":1,"minecraft:bread":17,"minecraft:stripped_spruce_log":2,"magistuarmory:rustedkettlehat":2,"minecraft:minecart":1,"mowziesmobs:foliaath_seed":2,"minecraft:tropical_fish":2,"minecraft:stick":6,"minecraft:diorite":2,"born_in_chaos_v1:river_mint":1,"tombstone:grave_key":2,"born_in_chaos_v1:fused_bone":1,"tombstone:grave_dust":1,"minecraft:redstone":1,"ancient_elements:iron_drill":1,"minecraft:tuff":4,"minecraft:filled_map":1,"minecraft:andesite":1,"minecraft:golden_leggings":1,"minecraft:oak_boat":2,"minecraft:oak_sapling":4,"ancient_elements:steel_ingot":1,"minecraft:stone_pickaxe":1,"minecraft:wooden_pickaxe":1,"minecraft:raw_gold":1,"minecraft:dead_brain_coral_block":1},"minecraft:killed_by":{"born_in_chaos_v1:nightmare_stalker":5,"grimoireofgaia:arachne":1,"grimoireofgaia:toad":2,"orcz:goblinsavagemace":2,"grimoireofgaia:minotaurus":4,"born_in_chaos_v1:pumpkinhead":1,"minecraft:zombie":1,"born_in_chaos_v1:scarlet_persecutor":1,"alexsmobs:komodo_dragon":1,"grimoireofgaia:cobblestone_golem":1,"minecraft:stray":1,"orcz:weirdboinecro":1,"grimoireofgaia:goblin":1,"born_in_chaos_v1:sir_pumpkinhead_without_horse":1,"alexsmobs:centipede_head":1,"grimoireofgaia:creep":1,"born_in_chaos_v1:bone_imp_minion":1,"minecraft:drowned":1,"grimoireofgaia:minotaur":3,"mowziesmobs:umvuthi":5,"grimoireofgaia:cecaelia":4,"grimoireofgaia:bone_knight":1,"grimoireofgaia:deathword":4,"minecraft:player":3,"grimoireofgaia:orc":1,"minecraft:spider":1,"grimoireofgaia:werecat":1,"minecraft:skeleton":1,"born_in_chaos_v1:corpse_fish":1},"minecraft:custom":{"minecraft:interact_with_crafting_table":171,"minecraft:open_barrel":279,"minecraft:bell_ring":1,"minecraft:leave_game":48,"minecraft:time_since_death":52995,"minecraft:damage_blocked_by_shield":23109,"tombstone:eaten_lollipop":4,"minecraft:play_time":1876359,"minecraft:deaths":65,"minecraft:jump":27697,"minecraft:enchant_item":5,"minecraft:interact_with_furnace":147,"minecraft:sleep_in_bed":67,"tombstone:sneak_grave":1,"minecraft:damage_dealt":79327,"tombstone:undead_killed":127,"minecraft:use_cauldron":26,"minecraft:interact_with_anvil":2,"minecraft:sneak_time":70866,"minecraft:interact_with_blast_furnace":35,"minecraft:total_world_time":1876359,"minecraft:interact_with_stonecutter":22,"minecraft:time_since_rest":1468,"minecraft:swim_one_cm":316704,"minecraft:fly_one_cm":5945505,"minecraft:open_chest":1027,"minecraft:fall_one_cm":749299,"minecraft:damage_resisted":280,"minecraft:sprint_one_cm":6672590,"minecraft:drop":256,"minecraft:talked_to_villager":10,"minecraft:interact_with_brewingstand":2,"minecraft:walk_on_water_one_cm":173870,"minecraft:crouch_one_cm":186279,"minecraft:mob_kills":450,"minecraft:fill_cauldron":2,"minecraft:interact_with_campfire":4,"minecraft:damage_dealt_resisted":6945,"minecraft:climb_one_cm":195249,"minecraft:walk_one_cm":3817061,"minecraft:walk_under_water_one_cm":131978,"minecraft:boat_one_cm":35565,"minecraft:damage_taken":39155},"minecraft:picked_up":{"minecraft:birch_door":3,"minecraft:flower_pot":1,"minecraft:enchanted_book":1,"minecraft:string":28,"minecraft:dark_oak_trapdoor":1,"refurbished_furniture:birch_cutting_board":2,"ancient_elements:meteorite_block":11,"minecraft:gold_nugget":8,"minecraft:cobbled_deepslate":283,"minecraft:spruce_planks":8,"minecraft:melon_slice":232,"grimoireofgaia:taproot":3,"born_in_chaos_v1:shattered_skull":2,"minecraft:composter":1,"minecraft:acacia_log":71,"magistuarmory:rusted_heavymace":3,"born_in_chaos_v1:black_argillite_brick_stairs":8,"orcz:palisadedarkoak":1,"magistuarmory:rustedcrusader_chestplate":1,"minecraft:cauldron":4,"minecraft:orange_bed":10,"minecraft:tropical_fish":3,"minecraft:red_tulip":1,"minecraft:iron_bars":23,"alexsmobs:flying_fish":1,"minecraft:birch_log":72,"born_in_chaos_v1:staffof_magic_arrows":1,"minecraft:magma_block":3,"minecraft:feather":20,"orcz:orcteeth":199,"magistuarmory:rustedchainmail_boots":1,"minecraft:jungle_log":13,"ancient_elements:obsidian_pickaxe":2,"ancient_elements:raw_lead":43,"minecraft:flint":16,"born_in_chaos_v1:marigolds":1,"minecraft:moss_block":4,"ancient_elements:scarlet_crystal_block":7,"orcz:blue_orcshroom":11,"minecraft:stripped_spruce_log":26,"minecraft:acacia_stairs":27,"minecraft:dark_oak_log":37,"alexsmobs:animal_dictionary":1,"minecraft:bundle":1,"minecraft:dead_brain_coral_block":1,"minecraft:granite":71,"born_in_chaos_v1:rotten_fish":8,"minecraft:crimson_roots":4,"minecraft:crafting_table":6,"minecraft:coarse_dirt":1,"born_in_chaos_v1:smoked_monster_flesh":4,"minecraft:clay_ball":37,"born_in_chaos_v1:seedof_chaos":6,"born_in_chaos_v1:fired_black_argillite":1,"born_in_chaos_v1:intoxicating_decoction":1,"minecraft:cracked_stone_bricks":3,"minecraft:beef":16,"born_in_chaos_v1:gnawed_bones":2,"minecraft:iron_nugget":39,"refurbished_furniture:jungle_lattice_fence":4,"minecraft:poppy":5,"minecraft:spruce_slab":54,"minecraft:chest":2,"minecraft:birch_sapling":12,"minecraft:raw_copper_block":2,"minecraft:egg":11,"minecraft:sandstone":44,"ancient_elements:raw_steel":11,"orcz:squig_eye":1,"minecraft:spruce_fence":1,"born_in_chaos_v1:pieceofdarkmetal":25,"minecraft:carrot":1384,"minecraft:redstone":138,"mowziesmobs:umvuthana_mask_faith":1,"ancient_elements:reflectine":80,"grimoireofgaia:bag_book":6,"minecraft:hay_block":58,"mowziesmobs:umvuthana_mask_bliss":3,"born_in_chaos_v1:spiny_shell":5,"tombstone:essence_of_undeath":1,"minecraft:mutton":3,"minecraft:white_wool":2,"minecraft:rail":1,"minecraft:stripped_oak_log":1,"born_in_chaos_v1:monster_flesh":7,"alexsmobs:acacia_blossom":1,"minecraft:acacia_wood":2,"minecraft:filled_map":2,"minecraft:oak_log":259,"minecraft:paper":12,"minecraft:white_banner":1,"minecraft:apple":8,"minecraft:stone_bricks":8,"mowziesmobs:umvuthana_mask_rage":1,"mowziesmobs:foliaath_seed":1,"alexsmobs:cockroach_wing_fragment":1,"tombstone:bag_of_seeds":2,"minecraft:glass_bottle":1,"minecraft:dark_oak_stairs":1,"grimoireofgaia:zombie_staff":2,"minecraft:dark_oak_slab":1,"mowziesmobs:clawed_log":4,"born_in_chaos_v1:orbofthe_summoner":1,"born_in_chaos_v1:ethereal_spirit":14,"minecraft:torchflower_seeds":3,"minecraft:gravel":162,"magistuarmory:rustednorman_helmet":2,"orcz:orcamanita":19,"tombstone:decorative_grave_simple":1,"grimoireofgaia:box_iron":1,"magistuarmory:rustedchainmail_leggings":2,"minecraft:slime_ball":2,"minecraft:polished_diorite":2,"minecraft:light_blue_carpet":6,"minecraft:scute":1,"grimoireofgaia:rotten_heart":1,"ancient_elements:topaz_crystal_block":2,"mowziesmobs:umvuthana_mask_fear":2,"minecraft:melon_seeds":4,"minecraft:ender_pearl":1,"minecraft:wheat":192,"minecraft:stone_brick_stairs":4,"born_in_chaos_v1:bloody_gadfly_eye":1,"tombstone:grave_key":1,"ancient_elements:raw_palladium":18,"born_in_chaos_v1:black_argillite":9,"minecraft:bucket":1,"ancient_elements:steel_ingot":1,"minecraft:cobblestone_slab":13,"minecraft:azalea":4,"minecraft:iron_pickaxe":1,"born_in_chaos_v1:stimulating_decoction":5,"minecraft:furnace":15,"minecraft:tipped_arrow":4,"minecraft:stick":127,"minecraft:acacia_fence":2,"minecraft:oak_fence":6,"mowziesmobs:sol_visage":1,"born_in_chaos_v1:phantom_powder":5,"minecraft:torch":82,"minecraft:spruce_stairs":10,"ancient_elements:verdant_viridium_shard":12,"minecraft:porkchop":20,"orcz:squigs_claws":3,"minecraft:pointed_dripstone":27,"tombstone:grave_dust":29,"minecraft:diorite":154,"tombstone:lollipop":4,"ancient_elements:topaz_shard":12,"minecraft:rotten_flesh":94,"orcz:orcshroom":11,"alexsmobs:emu_egg":6,"minecraft:obsidian":92,"minecraft:cod":1,"minecraft:cobblestone":2774,"grimoireofgaia:metal_dagger":1,"minecraft:andesite":7,"minecraft:golden_leggings":1,"minecraft:potato":419,"alexsmobs:bear_fur":2,"minecraft:tuff":18,"ancient_elements:selenite_crystal_block":1,"minecraft:horn_coral":3,"minecraft:lapis_lazuli":33,"minecraft:dirt":713,"born_in_chaos_v1:monster_skin":5,"minecraft:leather_boots":1,"minecraft:bone":72,"minecraft:acacia_planks":48,"minecraft:bow":5,"minecraft:wheat_seeds":599,"minecraft:raw_gold":13,"minecraft:bamboo":11,"minecraft:oak_planks":14,"minecraft:mossy_stone_brick_stairs":3,"minecraft:cooked_porkchop":1,"ancient_elements:scarlet_shard":12,"minecraft:sand":106,"orcz:orcagaric":19,"minecraft:poisonous_potato":3,"minecraft:jungle_planks":16,"minecraft:grass_block":1,"magistuarmory:rustedgreathelm":1,"minecraft:mossy_cobblestone":1,"minecraft:yellow_carpet":16,"ancient_elements:obsidian_sword":1,"born_in_chaos_v1:fire_dust":6,"minecraft:diamond":2,"magistuarmory:corruptedroundshield":1,"minecraft:crossbow":1,"orcz:ironscrap":10,"minecraft:oak_sapling":87,"minecraft:netherrack":1,"minecraft:oak_leaves":1,"born_in_chaos_v1:diamond_termite_shard":7,"born_in_chaos_v1:river_mint":2,"minecraft:chicken":2,"minecraft:ladder":5,"minecraft:brown_mushroom":1,"minecraft:cooked_rabbit":1,"minecraft:chain":7,"minecraft:moss_carpet":4,"minecraft:item_frame":1,"minecraft:birch_fence":1,"minecraft:oak_boat":1,"minecraft:sugar_cane":2,"minecraft:spruce_trapdoor":1,"minecraft:raw_iron":133,"grimoireofgaia:meat":10,"ancient_elements:raw_tin":89,"ancient_elements:mining_dungarees_leggings":1,"magistuarmory:rustedkettlehat":2,"born_in_chaos_v1:charmof_endurance":1,"ancient_elements:nocturnal_shard":3,"minecraft:weeping_vines":1,"minecraft:arrow":48,"minecraft:pink_tulip":1,"grimoireofgaia:weapon_book":1,"born_in_chaos_v1:trident_hayfork":2,"minecraft:skeleton_skull":2,"born_in_chaos_v1:fused_bone":4,"born_in_chaos_v1:corpse_maggot":19,"minecraft:dark_oak_button":2,"minecraft:glow_ink_sac":2,"minecraft:leather":10,"minecraft:birch_planks":15,"minecraft:crimson_fungus":1,"minecraft:gunpowder":7,"minecraft:cobblestone_stairs":13,"tombstone:voodoo_poppet":1,"minecraft:cooked_mutton":3,"minecraft:red_carpet":2,"minecraft:iron_ingot":14,"born_in_chaos_v1:chipped_black_argillite_brick":1,"minecraft:polished_andesite_slab":1,"mowziesmobs:umvuthana_mask_misery":1,"minecraft:acacia_sapling":3,"minecraft:book":3,"minecraft:oak_slab":3,"minecraft:pitcher_plant":1,"magistuarmory:rustedchainmail_chestplate":2,"born_in_chaos_v1:lifestealer_bone":3,"minecraft:dandelion":2,"minecraft:dripstone_block":4,"born_in_chaos_v1:dark_rod":1,"minecraft:spider_eye":5,"magistuarmory:rustedchainmail_helmet":1,"magistuarmory:rusted_bastardsword":4,"minecraft:stripped_jungle_wood":12,"minecraft:mossy_cobblestone_stairs":1,"tombstone:magic_scroll":5,"orcz:orceye":3,"minecraft:coal":301},"minecraft:broken":{"minecraft:iron_chestplate":1,"minecraft:chainmail_boots":1,"minecraft:iron_sword":1,"minecraft:shield":4,"minecraft:iron_pickaxe":1,"minecraft:iron_helmet":2,"mowziesmobs:umvuthana_mask_rage":1,"magistuarmory:rustedchainmail_helmet":1,"mowziesmobs:umvuthana_mask_misery":1},"minecraft:killed":{"grimoireofgaia:toad":1,"minecraft:cave_spider":3,"born_in_chaos_v1:mr_pumpkin":7,"born_in_chaos_v1:restless_spirit":4,"born_in_chaos_v1:zombie_lumberjack":1,"born_in_chaos_v1:skeleton_demoman":2,"born_in_chaos_v1:door_knight_not_despawn":1,"born_in_chaos_v1:siamese_skeletonsright":2,"born_in_chaos_v1:baby_skeleton_minion":4,"minecraft:skeleton":27,"grimoireofgaia:mimic":3,"minecraft:chicken":2,"mowziesmobs:umvuthana_crane":1,"grimoireofgaia:flesh_lich":1,"grimoireofgaia:spriggan":1,"minecraft:salmon":1,"minecraft:pillager":3,"minecraft:zombie":50,"grimoireofgaia:deathword":8,"born_in_chaos_v1:corpse_fly":7,"orcz:orcsavage_2sword":8,"born_in_chaos_v1:door_knight":2,"minecraft:cow":8,"born_in_chaos_v1:thornshell_crab":1,"grimoireofgaia:creep":1,"ancient_elements:undead_miner":1,"orcz:orcsavagemace":7,"orcz:orcsavageweird":2,"born_in_chaos_v1:barrel_zombie":2,"born_in_chaos_v1:spiritof_chaos":3,"born_in_chaos_v1:bone_imp_minion":2,"alexsmobs:potoo":1,"born_in_chaos_v1:decrepit_skeleton":7,"born_in_chaos_v1:bloody_gadfly":1,"minecraft:enderman":1,"born_in_chaos_v1:lifestealer_true_form":1,"born_in_chaos_v1:zombie_clown":2,"mowziesmobs:umvuthi":1,"minecraft:spider":17,"grimoireofgaia:sporeling":1,"grimoireofgaia:minotaurus":2,"born_in_chaos_v1:scarlet_persecutor":2,"grimoireofgaia:orc":5,"grimoireofgaia:goblin":2,"orcz:squig":3,"born_in_chaos_v1:firelight_not_despawn":2,"grimoireofgaia:mandragora":1,"orcz:weirdboinecro":3,"minecraft:pig":9,"alexsmobs:grizzly_bear":1,"born_in_chaos_v1:diamond_termite":5,"grimoireofgaia:bone_knight":3,"orcz:goblinsavagemace":46,"minecraft:creeper":2,"minecraft:sheep":2,"mowziesmobs:lantern":1,"born_in_chaos_v1:dread_hound":7,"minecraft:stray":5,"grimoireofgaia:harpy":3,"orcz:snot":26,"orcz:orcshield":26,"born_in_chaos_v1:siamese_skeletonsleft":1,"grimoireofgaia:shaman":1,"minecraft:vex":1,"born_in_chaos_v1:zombie_bruiser":2,"born_in_chaos_v1:maggot":16,"minecraft:drowned":3,"alexsmobs:flying_fish":1,"mowziesmobs:umvuthana":9,"born_in_chaos_v1:felsteed":1,"born_in_chaos_v1:baby_skeleton":5,"born_in_chaos_v1:spirit_guide_assistant":2,"born_in_chaos_v1:phantom_creeper_copy":2,"alexsmobs:cockroach":1,"born_in_chaos_v1:bonescaller_not_despawn":1,"grimoireofgaia:matango":1,"grimoireofgaia:werecat":1,"orcz:goblin_2sword":4}},"DataVersion":3465}